{
  "phase1_code_yf_data": {
    "label": "4f yfinance",
    "n_days": 4605,
    "cagr_port": 0.4026167955917057,
    "cagr_spy": 0.11340196204110486,
    "alpha": 0.28921483355060085,
    "sharpe": 1.1376324781812763,
    "ic_mean": 0.029782286627700792,
    "ic_std": 0.188829329121203,
    "ic_ir": 2.5037378756293958,
    "ic_n": 4585
  },
  "delta_code_effect": -0.16368516644939918,
  "delta_data_effect": -0.022614833550600844
}