{
  "C_winsorize_zscore": {
    "label": "C: winsorize zscore",
    "n_days": 4605,
    "cagr_port": 0.46925038893340765,
    "cagr_spy": 0.11340196204110486,
    "alpha": 0.3558484268923028,
    "sharpe": 1.2515608644905543,
    "ic_mean": 0.03206227243051697,
    "ic_std": 0.17332547856425284,
    "ic_ir": 2.9365145859027457,
    "ic_n": 4585
  },
  "delta_normalization": 0.06664842689230277,
  "delta_residual": 0.09705157310769724
}