{
  "D_raw_zscore": {
    "label": "D: raw zscore",
    "n_days": 4605,
    "cagr_port": 0.4972284469730963,
    "cagr_spy": 0.11340196204110486,
    "alpha": 0.38382648493199145,
    "sharpe": 1.2496973781421463,
    "ic_mean": 0.032596157142935206,
    "ic_std": 0.17476980467175113,
    "ic_ir": 2.960740008558052,
    "ic_n": 4585
  },
  "delta_winsorize_effect": 0.028026484931991447,
  "delta_residual": 0.06907351506800857
}