{
  "E_v071_hyst": {
    "label": "Track 4: raw z + v0.7.1 hyst",
    "n_days": 4605,
    "cagr_port": 0.5345328324153733,
    "cagr_spy": 0.11340196204110486,
    "alpha": 0.42113087037426844,
    "sharpe": 1.3117956624334894,
    "ic_mean": 0.032381073841070765,
    "ic_ir": 2.947244601168561,
    "ic_n": 4585
  },
  "delta_hysteresis": 0.037330870374268466,
  "delta_residual_after_hyst_fix": 0.031769129625731585
}