{
  "current_universe": {
    "label": "4f / current",
    "n_days": 4606,
    "cagr_port": 0.37994474098220565,
    "cagr_spy": 0.113348314193777,
    "alpha": 0.26659642678842865,
    "sharpe": 1.0842699418627604,
    "ic_mean": 0.025956013537163466,
    "ic_std": 0.18881308867169308,
    "ic_ir": 2.1822583591766436,
    "ic_n": 4586
  },
  "historical_universe": {
    "label": "v0.7.1' (4f)",
    "n_days": 4606,
    "cagr_port": 0.10098494450932716,
    "cagr_spy": 0.113348314193777,
    "alpha": -0.012363369684449843,
    "sharpe": 0.5309971899137081,
    "ic_mean": 0.003245007239272903,
    "ic_std": 0.18329660868617942,
    "ic_ir": 0.2810357120928354,
    "ic_n": 4586
  },
  "delta_data_source": -0.18630357321157137,
  "delta_survivorship": -0.2789597964728785
}