{
  "4f": {
    "label": "v0.7.1' (4f)",
    "n_days": 4606,
    "cagr_port": 0.10098494450932716,
    "cagr_spy": 0.113348314193777,
    "alpha": -0.012363369684449843,
    "sharpe": 0.5309971899137081,
    "ic_mean": 0.003245007239272903,
    "ic_std": 0.18329660868617942,
    "ic_ir": 0.2810357120928354,
    "ic_n": 4586
  },
  "12f": {
    "label": "v0.8.0 (12f)",
    "n_days": 4606,
    "cagr_port": 0.1061535930979558,
    "cagr_spy": 0.113348314193777,
    "alpha": -0.007194721095821199,
    "sharpe": 0.5323015937700019,
    "ic_mean": 0.0018451779522330326,
    "ic_std": 0.16999525856451514,
    "ic_ir": 0.17230652292864837,
    "ic_n": 4586
  },
  "delta_alpha": 0.005168648588628644,
  "delta_ic": -0.0013998292870398704,
  "delta_sharpe": 0.0013044038562937121,
  "pass": false
}